srk_pncp_item_compra,cod_compra,cod_item_compra,codigo_classe,codigo_grupo,numero_item_pncp,numero_grupo,numero_item_compra,descricao_detalhada,descricao_resumida,material_ou_servico,material_ou_servico_nome,valor_unitario_estimado,valor_total,quantidade,unidade_medida,orcamento_sigiloso,item_categoria_id_pncp,item_categoria_nome,patrimonio,codigo_registro_imobiliario,criterio_julgamento_id_pncp,criterio_julgamento_nome,situacao_compra_item,situacao_compra_item_nome,tipo_beneficio,tipo_beneficio_nome,incentivo_produtivo_basico,data_inclusao_pncp,data_atualizacao_pncp,tem_resultado,cod_item_catalogo,ID_contratacao_PNCP,cod_fornecedor,nome_fornecedor,data_resultado,valor_total_resultado,valor_unitario_resultado,quantidade_resultado,id_compra,id_compra_item,ano_compra,sequencial_compra,orgao_entidade_cnpj,unidade_orgao_codigo_unidade,margem_preferencia_normal,percentual_margem_preferencia_normal,margem_preferencia_adicional,percentual_margem_preferencia_adicional,codigo_NCM,descricao_NCM,numero_controle_PNCP_compra,TXT_LINK_MATERIAL,TXT_LINK_CLASSE,TXT_LINK_SERVICO,TXT_LINK_GRUPO
42069287,9761106,44581974,8915.0,,51,0,51,"LEGUME IN NATURA, TIPO: PIMENTÃO VERDE ",Legume in natura,M,Material,14.95,74.75,5.0,Quilograma,False,3,Informática (TIC),,,1,Menor preço,2,Homologado,1,Participação exclusiva para ME/EPP,False,2025-11-28 07:00:11,2026-01-25 17:34:30,True,463809.0,27701257000127-1-000002/2025,57957163000184,57.957.163 FERNANDA SILVA DE CARVALHO,2026-01-25,72.15,14.43,5.0,92931605900012025,9293160590001202500051,2025,2,27701257000127,929316,False,,False,,,,27701257000127-1-000002/2025,https://dadosabertos.compras.gov.br/modulo-material/4_consultarItemMaterial?codigoItem=463809,https://dadosabertos.compras.gov.br/modulo-material/2_consultarClasseMaterial?pagina=1&codigoClasse=8915,,
42074448,9761106,44581935,8920.0,,12,0,12,"ARROZ BENEFICIADO, TIPO: AGULHINHA/BRANCO , SUBGRUPO: POLIDO , CLASSE: LONGO FINO , QUALIDADE: TIPO 1 ",Arroz beneficiado,M,Material,9.06,7773.48,858.0,Quilograma,False,3,Informática (TIC),,,1,Menor preço,2,Homologado,1,Participação exclusiva para ME/EPP,False,2025-11-28 07:00:11,2026-01-25 17:20:57,True,458904.0,27701257000127-1-000002/2025,57957163000184,57.957.163 FERNANDA SILVA DE CARVALHO,2026-01-25,7250.1,8.45,858.0,92931605900012025,9293160590001202500012,2025,2,27701257000127,929316,False,,False,,,,27701257000127-1-000002/2025,https://dadosabertos.compras.gov.br/modulo-material/4_consultarItemMaterial?codigoItem=458904,https://dadosabertos.compras.gov.br/modulo-material/2_consultarClasseMaterial?pagina=1&codigoClasse=8920,,
42067600,9761106,44581949,8950.0,,26,0,26,"CONDIMENTO, TIPO: URUCUM , APRESENTAÇÃO: PÓ ",Condimento,M,Material,58.95,471.6,8.0,Quilograma,False,3,Informática (TIC),,,1,Menor preço,2,Homologado,1,Participação exclusiva para ME/EPP,False,2025-11-28 07:00:11,2026-01-25 17:26:26,True,463937.0,27701257000127-1-000002/2025,57957163000184,57.957.163 FERNANDA SILVA DE CARVALHO,2026-01-25,454.0,56.75,8.0,92931605900012025,9293160590001202500026,2025,2,27701257000127,929316,False,,False,,,,27701257000127-1-000002/2025,https://dadosabertos.compras.gov.br/modulo-material/4_consultarItemMaterial?codigoItem=463937,https://dadosabertos.compras.gov.br/modulo-material/2_consultarClasseMaterial?pagina=1&codigoClasse=8950,,
42067601,9761106,44581954,8915.0,,31,0,31,"LEGUMINOSA, VARIEDADE: FEIJÃO CARIOCA , TIPO: TIPO 1 ",Leguminosa,M,Material,14.95,4694.3,314.0,Quilograma,False,3,Informática (TIC),,,1,Menor preço,2,Homologado,1,Participação exclusiva para ME/EPP,False,2025-11-28 07:00:11,2026-01-25 17:27:57,True,464553.0,27701257000127-1-000002/2025,57957163000184,57.957.163 FERNANDA SILVA DE CARVALHO,2026-01-25,4531.02,14.43,314.0,92931605900012025,9293160590001202500031,2025,2,27701257000127,929316,False,,False,,,,27701257000127-1-000002/2025,https://dadosabertos.compras.gov.br/modulo-material/4_consultarItemMaterial?codigoItem=464553,https://dadosabertos.compras.gov.br/modulo-material/2_consultarClasseMaterial?pagina=1&codigoClasse=8915,,
42067599,9761106,44581941,8905.0,,18,0,18,"CARNE BOVINA IN NATURA, TIPO CORTE: ACÉM , APRESENTAÇÃO: MOIDA , ESTADO DE CONSERVAÇÃO: CONGELADO(A) ",Carne bovina in natura,M,Material,36.95,5394.7,146.0,Quilograma,False,3,Informática (TIC),,,1,Menor preço,2,Homologado,1,Participação exclusiva para ME/EPP,False,2025-11-28 07:00:11,2026-01-25 17:23:41,True,451059.0,27701257000127-1-000002/2025,57957163000184,57.957.163 FERNANDA SILVA DE CARVALHO,2026-01-25,5318.78,36.43,146.0,92931605900012025,9293160590001202500018,2025,2,27701257000127,929316,False,,False,,,,27701257000127-1-000002/2025,https://dadosabertos.compras.gov.br/modulo-material/4_consultarItemMaterial?codigoItem=451059,https://dadosabertos.compras.gov.br/modulo-material/2_consultarClasseMaterial?pagina=1&codigoClasse=8905,,
42067603,9761106,44581970,8915.0,,47,0,47,"LEGUME EM CONSERVA, TIPO: MILHO VERDE ",Legume em conserva,M,Material,58.95,707.4,12.0,Quilograma,False,3,Informática (TIC),,,1,Menor preço,2,Homologado,1,Participação exclusiva para ME/EPP,False,2025-11-28 07:00:11,2026-01-25 17:32:37,True,462824.0,27701257000127-1-000002/2025,57957163000184,57.957.163 FERNANDA SILVA DE CARVALHO,2026-01-25,701.16,58.43,12.0,92931605900012025,9293160590001202500047,2025,2,27701257000127,929316,False,,False,,,,27701257000127-1-000002/2025,https://dadosabertos.compras.gov.br/modulo-material/4_consultarItemMaterial?codigoItem=462824,https://dadosabertos.compras.gov.br/modulo-material/2_consultarClasseMaterial?pagina=1&codigoClasse=8915,,
42069281,9761106,44581957,8905.0,,34,0,34,"CARNE DE AVE IN NATURA, TIPO ANIMAL: FRANGO , TIPO CORTE: FILEZINHO (SASSAMI) , APRESENTAÇÃO: INTEIRO , ESTADO DE CONSERVAÇÃO: CONGELADO(A) , PROCESSAMENTO: SEM PELE, SEM OSSO ",Carne de ave in natura,M,Material,29.95,8715.45,291.0,Quilograma,False,3,Informática (TIC),,,1,Menor preço,2,Homologado,1,Participação exclusiva para ME/EPP,False,2025-11-28 07:00:11,2026-01-25 17:28:51,True,447618.0,27701257000127-1-000002/2025,57957163000184,57.957.163 FERNANDA SILVA DE CARVALHO,2026-01-25,8075.25,27.75,291.0,92931605900012025,9293160590001202500034,2025,2,27701257000127,929316,False,,False,,,,27701257000127-1-000002/2025,https://dadosabertos.compras.gov.br/modulo-material/4_consultarItemMaterial?codigoItem=447618,https://dadosabertos.compras.gov.br/modulo-material/2_consultarClasseMaterial?pagina=1&codigoClasse=8905,,
42069283,9761106,44581943,8905.0,,20,0,20,"CARNE SALGADA, TIPO CORTE: COXÃO MOLE - CARNE DE SOL , ORIGEM: BOVINA , APRESENTAÇÃO: PEDAÇO , ESTADO DE CONSERVAÇÃO: SECO(A) ",Carne salgada,M,Material,58.95,3360.15,57.0,Quilograma,False,3,Informática (TIC),,,1,Menor preço,2,Homologado,1,Participação exclusiva para ME/EPP,False,2025-11-28 07:00:11,2026-01-25 17:24:19,True,447736.0,27701257000127-1-000002/2025,57957163000184,57.957.163 FERNANDA SILVA DE CARVALHO,2026-01-25,3330.51,58.43,57.0,92931605900012025,9293160590001202500020,2025,2,27701257000127,929316,False,,False,,,,27701257000127-1-000002/2025,https://dadosabertos.compras.gov.br/modulo-material/4_consultarItemMaterial?codigoItem=447736,https://dadosabertos.compras.gov.br/modulo-material/2_consultarClasseMaterial?pagina=1&codigoClasse=8905,,
42069290,9761106,44581944,8915.0,,21,0,21,"CACAU, APRESENTAÇÃO: PÓ , PRAZO VALIDADE MÍNIMO: 12 MESES ",Cacau,M,Material,34.95,139.8,4.0,"Pacote 500,00 G",False,3,Informática (TIC),,,1,Menor preço,2,Homologado,1,Participação exclusiva para ME/EPP,False,2025-11-28 07:00:11,2026-01-25 17:24:42,True,463532.0,27701257000127-1-000002/2025,57957163000184,57.957.163 FERNANDA SILVA DE CARVALHO,2026-01-25,122.0,30.5,4.0,92931605900012025,9293160590001202500021,2025,2,27701257000127,929316,False,,False,,,,27701257000127-1-000002/2025,https://dadosabertos.compras.gov.br/modulo-material/4_consultarItemMaterial?codigoItem=463532,https://dadosabertos.compras.gov.br/modulo-material/2_consultarClasseMaterial?pagina=1&codigoClasse=8915,,
42071037,9761106,44581930,8950.0,,7,0,7,"CONDIMENTO, TIPO: AÇAFRÃO , APRESENTAÇÃO: PÓ ",Condimento,M,Material,68.95,275.8,4.0,Quilograma,False,3,Informática (TIC),,,1,Menor preço,2,Homologado,1,Participação exclusiva para ME/EPP,False,2025-11-28 07:00:11,2026-01-25 17:17:33,True,463857.0,27701257000127-1-000002/2025,57957163000184,57.957.163 FERNANDA SILVA DE CARVALHO,2026-01-25,273.72,68.43,4.0,92931605900012025,9293160590001202500007,2025,2,27701257000127,929316,False,,False,,,,27701257000127-1-000002/2025,https://dadosabertos.compras.gov.br/modulo-material/4_consultarItemMaterial?codigoItem=463857,https://dadosabertos.compras.gov.br/modulo-material/2_consultarClasseMaterial?pagina=1&codigoClasse=8950,,
42067609,9761106,44581967,8915.0,,44,0,44,"FRUTA, TIPO: MELANCIA VERMELHA , APRESENTAÇÃO: NATURAL ",Fruta,M,Material,8.95,608.6,68.0,Quilograma,False,3,Informática (TIC),,,1,Menor preço,2,Homologado,1,Participação exclusiva para ME/EPP,False,2025-11-28 07:00:11,2026-01-25 17:31:46,True,464418.0,27701257000127-1-000002/2025,57957163000184,57.957.163 FERNANDA SILVA DE CARVALHO,2026-01-25,573.24,8.43,68.0,92931605900012025,9293160590001202500044,2025,2,27701257000127,929316,False,,False,,,,27701257000127-1-000002/2025,https://dadosabertos.compras.gov.br/modulo-material/4_consultarItemMaterial?codigoItem=464418,https://dadosabertos.compras.gov.br/modulo-material/2_consultarClasseMaterial?pagina=1&codigoClasse=8915,,
42074447,9761106,44581927,8915.0,,4,0,4,"POLPA DE FRUTA, TIPO: ACEROLA , APRESENTAÇÃO: CONGELADA ",Polpa de fruta,M,Material,32.95,2504.2,76.0,Quilograma,False,3,Informática (TIC),,,1,Menor preço,2,Homologado,1,Participação exclusiva para ME/EPP,False,2025-11-28 07:00:11,2026-01-25 17:13:10,True,464484.0,27701257000127-1-000002/2025,57957163000184,57.957.163 FERNANDA SILVA DE CARVALHO,2026-01-25,2464.68,32.43,76.0,92931605900012025,9293160590001202500004,2025,2,27701257000127,929316,False,,False,,,,27701257000127-1-000002/2025,https://dadosabertos.compras.gov.br/modulo-material/4_consultarItemMaterial?codigoItem=464484,https://dadosabertos.compras.gov.br/modulo-material/2_consultarClasseMaterial?pagina=1&codigoClasse=8915,,
42071038,9761106,44581926,8915.0,,3,0,3,"POLPA DE FRUTA, TIPO: AÇAÍ , APRESENTAÇÃO: CONGELADA ",Polpa de fruta,M,Material,34.95,664.05,19.0,Quilograma,False,3,Informática (TIC),,,1,Menor preço,2,Homologado,1,Participação exclusiva para ME/EPP,False,2025-11-28 07:00:11,2026-01-25 17:10:28,True,464493.0,27701257000127-1-000002/2025,57957163000184,57.957.163 FERNANDA SILVA DE CARVALHO,2026-01-25,654.17,34.43,19.0,92931605900012025,9293160590001202500003,2025,2,27701257000127,929316,False,,False,,,,27701257000127-1-000002/2025,https://dadosabertos.compras.gov.br/modulo-material/4_consultarItemMaterial?codigoItem=464493,https://dadosabertos.compras.gov.br/modulo-material/2_consultarClasseMaterial?pagina=1&codigoClasse=8915,,
42149458,10015984,47722287,,,1,0,1,,"Café apresentação: torrado em grão, intensidade: média, tipo: tradicional",M,Material,93.45,14017.5,150.0,Pacote 1 KG,False,3,Informática (TIC),,,1,Menor preço,1,Em andamento,1,Participação exclusiva para ME/EPP,False,2026-01-25 17:04:22,2026-01-25 17:07:22,,,51907384000161-1-000003/2026,,,,,,,92836706000012026,9283670600001202600001,2026,3,51907384000161,928367,False,,False,,,,51907384000161-1-000003/2026,,,,
42132704,9874405,46060858,,,1,0,1,,"Transdutor Uso Médico compatível: p/ ultrassom, aplicação: intra operatório, modelo: multifrequêncial de banda larga, formato: linear, faixa freqüência: c/ faixa frequência ajustável, componente adicional: c/ cabo",M,Material,27260.1,27260.1,1.0,Unidade,False,3,Informática (TIC),,,1,Menor preço,5,Fracassado,1,Participação exclusiva para ME/EPP,False,2025-12-17 09:45:30,2026-01-25 16:36:07,,,10572048001523-1-000061/2025,,,,,,,92680906000202025,9268090600020202500001,2025,61,10572048001523,926809,False,,False,,,,10572048001523-1-000061/2025,,,,
42149457,10015984,47722286,,,2,0,2,,"Café apresentação: torrado em grão, intensidade: média, tipo: tradicional",M,Material,38.0,19760.0,520.0,Pacote 500 G,False,3,Informática (TIC),,,1,Menor preço,1,Em andamento,1,Participação exclusiva para ME/EPP,False,2026-01-25 17:04:21,2026-01-25 17:07:22,,,51907384000161-1-000003/2026,,,,,,,92836706000012026,9283670600001202600002,2026,3,51907384000161,928367,False,,False,,,,51907384000161-1-000003/2026,,,,
42074481,9761106,44581952,8910.0,,29,0,29,"CREME DE LEITE, TEOR GORDURA: ATÉ 20% DE GORDURA , PROCESSAMENTO: UHT ",Creme De Leite,M,Material,31.95,287.55,9.0,"Embalagem 1,00 KG",False,3,Informática (TIC),,,1,Menor preço,2,Homologado,1,Participação exclusiva para ME/EPP,False,2025-11-28 07:00:11,2026-01-25 17:27:21,True,446532.0,27701257000127-1-000002/2025,57957163000184,57.957.163 FERNANDA SILVA DE CARVALHO,2026-01-25,272.25,30.25,9.0,92931605900012025,9293160590001202500029,2025,2,27701257000127,929316,False,,False,,,,27701257000127-1-000002/2025,https://dadosabertos.compras.gov.br/modulo-material/4_consultarItemMaterial?codigoItem=446532,https://dadosabertos.compras.gov.br/modulo-material/2_consultarClasseMaterial?pagina=1&codigoClasse=8910,,
42067639,9761106,44581956,8905.0,,33,0,33,"CARNE DE AVE IN NATURA, TIPO ANIMAL: FRANGO , TIPO CORTE: COXA E SOBRECOXA , APRESENTAÇÃO: INTEIRO , ESTADO DE CONSERVAÇÃO: CONGELADO(A) , PROCESSAMENTO: COM PELE, COM OSSO ",Carne de ave in natura,M,Material,16.95,2644.2,156.0,Quilograma,False,3,Informática (TIC),,,1,Menor preço,2,Homologado,1,Participação exclusiva para ME/EPP,False,2025-11-28 07:00:11,2026-01-25 17:28:34,True,447636.0,27701257000127-1-000002/2025,57957163000184,57.957.163 FERNANDA SILVA DE CARVALHO,2026-01-25,2301.0,14.75,156.0,92931605900012025,9293160590001202500033,2025,2,27701257000127,929316,False,,False,,,,27701257000127-1-000002/2025,https://dadosabertos.compras.gov.br/modulo-material/4_consultarItemMaterial?codigoItem=447636,https://dadosabertos.compras.gov.br/modulo-material/2_consultarClasseMaterial?pagina=1&codigoClasse=8905,,
42067608,9761106,44581955,8920.0,,32,0,32,"FERMENTO, TIPO: QUÍMICO , APRESENTAÇÃO: PÓ ",Fermento,M,Material,58.95,294.75,5.0,Quilograma,False,3,Informática (TIC),,,1,Menor preço,2,Homologado,1,Participação exclusiva para ME/EPP,False,2025-11-28 07:00:11,2026-01-25 17:28:17,True,459586.0,27701257000127-1-000002/2025,57957163000184,57.957.163 FERNANDA SILVA DE CARVALHO,2026-01-25,283.75,56.75,5.0,92931605900012025,9293160590001202500032,2025,2,27701257000127,929316,False,,False,,,,27701257000127-1-000002/2025,https://dadosabertos.compras.gov.br/modulo-material/4_consultarItemMaterial?codigoItem=459586,https://dadosabertos.compras.gov.br/modulo-material/2_consultarClasseMaterial?pagina=1&codigoClasse=8920,,
42067602,9761106,44581962,8905.0,,39,0,39,"EMBUTIDO, TIPO: LINGUIÇA MISTA , TIPO PREPARAÇÃO: FRESCA , ESTADO DE CONSERVAÇÃO: CONGELADO(A) ",Embutido,M,Material,32.95,4349.4,132.0,Quilograma,False,3,Informática (TIC),,,1,Menor preço,2,Homologado,1,Participação exclusiva para ME/EPP,False,2025-11-28 07:00:11,2026-01-25 17:30:21,True,471352.0,27701257000127-1-000002/2025,57957163000184,57.957.163 FERNANDA SILVA DE CARVALHO,2026-01-25,4280.76,32.43,132.0,92931605900012025,9293160590001202500039,2025,2,27701257000127,929316,False,,False,,,,27701257000127-1-000002/2025,https://dadosabertos.compras.gov.br/modulo-material/4_consultarItemMaterial?codigoItem=471352,https://dadosabertos.compras.gov.br/modulo-material/2_consultarClasseMaterial?pagina=1&codigoClasse=8905,,
42067637,9761106,44581961,8910.0,,38,0,38,"LEITE FLUIDO, ORIGEM: DE VACA , TIPO: A , TEOR GORDURA: INTEGRAL , PROCESSAMENTO: UHT ",Leite Fluido,M,Material,9.95,1502.45,151.0,"Caixa 1,00 L",False,3,Informática (TIC),,,1,Menor preço,2,Homologado,1,Participação exclusiva para ME/EPP,False,2025-11-28 07:00:11,2026-01-25 17:30:03,True,445995.0,27701257000127-1-000002/2025,57957163000184,57.957.163 FERNANDA SILVA DE CARVALHO,2026-01-25,1170.25,7.75,151.0,92931605900012025,9293160590001202500038,2025,2,27701257000127,929316,False,,False,,,,27701257000127-1-000002/2025,https://dadosabertos.compras.gov.br/modulo-material/4_consultarItemMaterial?codigoItem=445995,https://dadosabertos.compras.gov.br/modulo-material/2_consultarClasseMaterial?pagina=1&codigoClasse=8910,,
42074454,9761106,44581936,8905.0,,13,0,13,"CARNE DEFUMADA, TIPO CORTE: TOUCINHO (BACON) , TIPO ANIMAL: SUÍNA , APRESENTAÇÃO: EM MANTAS , ESTADO DE CONSERVAÇÃO: RESFRIADO(A) ",Carne defumada,M,Material,59.95,1079.1,18.0,Quilograma,False,3,Informática (TIC),,,1,Menor preço,2,Homologado,1,Participação exclusiva para ME/EPP,False,2025-11-28 07:00:11,2026-01-25 17:22:02,True,447666.0,27701257000127-1-000002/2025,57957163000184,57.957.163 FERNANDA SILVA DE CARVALHO,2026-01-25,1069.74,59.43,18.0,92931605900012025,9293160590001202500013,2025,2,27701257000127,929316,False,,False,,,,27701257000127-1-000002/2025,https://dadosabertos.compras.gov.br/modulo-material/4_consultarItemMaterial?codigoItem=447666,https://dadosabertos.compras.gov.br/modulo-material/2_consultarClasseMaterial?pagina=1&codigoClasse=8905,,
42067630,9761106,44581977,8920.0,,54,0,54,"AMIDO, BASE: DE MANDIOCA , GRUPO: FÉCULA , SUBGRUPO: PÓ , ACIDEZ: POLVILHO DOCE , ASPECTO FÍSICO: TIPO 1 ",Amido,M,Material,21.95,1668.2,76.0,Quilograma,False,3,Informática (TIC),,,1,Menor preço,2,Homologado,1,Participação exclusiva para ME/EPP,False,2025-11-28 07:00:11,2026-01-25 17:35:17,True,462474.0,27701257000127-1-000002/2025,57957163000184,57.957.163 FERNANDA SILVA DE CARVALHO,2026-01-25,1628.68,21.43,76.0,92931605900012025,9293160590001202500054,2025,2,27701257000127,929316,False,,False,,,,27701257000127-1-000002/2025,https://dadosabertos.compras.gov.br/modulo-material/4_consultarItemMaterial?codigoItem=462474,https://dadosabertos.compras.gov.br/modulo-material/2_consultarClasseMaterial?pagina=1&codigoClasse=8920,,
42067505,9761106,44581937,8915.0,,14,0,14,"FRUTA, TIPO: BANANA DA TERRA / BANANA COMPRIDA , APRESENTAÇÃO: NATURAL ",Fruta,M,Material,12.95,233.1,18.0,Quilograma,False,3,Informática (TIC),,,1,Menor preço,2,Homologado,1,Participação exclusiva para ME/EPP,False,2025-11-28 07:00:11,2026-01-25 17:22:25,True,464377.0,27701257000127-1-000002/2025,57957163000184,57.957.163 FERNANDA SILVA DE CARVALHO,2026-01-25,223.74,12.43,18.0,92931605900012025,9293160590001202500014,2025,2,27701257000127,929316,False,,False,,,,27701257000127-1-000002/2025,https://dadosabertos.compras.gov.br/modulo-material/4_consultarItemMaterial?codigoItem=464377,https://dadosabertos.compras.gov.br/modulo-material/2_consultarClasseMaterial?pagina=1&codigoClasse=8915,,
42067635,9761106,44581945,8915.0,,22,0,22,"POLPA DE FRUTA, TIPO: CAJU , APRESENTAÇÃO: CONGELADA ",Polpa de fruta,M,Material,32.95,2504.2,76.0,Quilograma,False,3,Informática (TIC),,,1,Menor preço,2,Homologado,1,Participação exclusiva para ME/EPP,False,2025-11-28 07:00:11,2026-01-25 17:25:04,True,464511.0,27701257000127-1-000002/2025,57957163000184,57.957.163 FERNANDA SILVA DE CARVALHO,2026-01-25,2337.0,30.75,76.0,92931605900012025,9293160590001202500022,2025,2,27701257000127,929316,False,,False,,,,27701257000127-1-000002/2025,https://dadosabertos.compras.gov.br/modulo-material/4_consultarItemMaterial?codigoItem=464511,https://dadosabertos.compras.gov.br/modulo-material/2_consultarClasseMaterial?pagina=1&codigoClasse=8915,,
42069285,9761106,44581958,8915.0,,35,0,35,"POLPA DE FRUTA, TIPO: GOIABA VERMELHA , APRESENTAÇÃO: CONGELADA ",Polpa de fruta,M,Material,34.95,2656.2,76.0,Quilograma,False,3,Informática (TIC),,,1,Menor preço,2,Homologado,1,Participação exclusiva para ME/EPP,False,2025-11-28 07:00:11,2026-01-25 17:29:08,True,464514.0,27701257000127-1-000002/2025,57957163000184,57.957.163 FERNANDA SILVA DE CARVALHO,2026-01-25,2489.0,32.75,76.0,92931605900012025,9293160590001202500035,2025,2,27701257000127,929316,False,,False,,,,27701257000127-1-000002/2025,https://dadosabertos.compras.gov.br/modulo-material/4_consultarItemMaterial?codigoItem=464514,https://dadosabertos.compras.gov.br/modulo-material/2_consultarClasseMaterial?pagina=1&codigoClasse=8915,,
42067613,9761106,44581942,8905.0,,19,0,19,"CARNE BOVINA IN NATURA, TIPO CORTE: ACÉM , APRESENTAÇÃO: CORTADA EM CUBOS , ESTADO DE CONSERVAÇÃO: CONGELADO(A) ",Carne bovina in natura,M,Material,38.95,14567.3,374.0,Quilograma,False,3,Informática (TIC),,,1,Menor preço,2,Homologado,1,Participação exclusiva para ME/EPP,False,2025-11-28 07:00:11,2026-01-25 17:24:01,True,476495.0,27701257000127-1-000002/2025,57957163000184,57.957.163 FERNANDA SILVA DE CARVALHO,2026-01-25,14372.82,38.43,374.0,92931605900012025,9293160590001202500019,2025,2,27701257000127,929316,False,,False,,,,27701257000127-1-000002/2025,https://dadosabertos.compras.gov.br/modulo-material/4_consultarItemMaterial?codigoItem=476495,https://dadosabertos.compras.gov.br/modulo-material/2_consultarClasseMaterial?pagina=1&codigoClasse=8905,,
42067506,9761106,44581969,8920.0,,46,0,46,"""MILHO"", TIPO: GRÃO , APLICAÇÃO: MUNGUNZÁ (CANJICA) ","""milho""",M,Material,16.95,254.25,15.0,Quilograma,False,3,Informática (TIC),,,1,Menor preço,2,Homologado,1,Participação exclusiva para ME/EPP,False,2025-11-28 07:00:11,2026-01-25 17:32:20,True,279262.0,27701257000127-1-000002/2025,57957163000184,57.957.163 FERNANDA SILVA DE CARVALHO,2026-01-25,246.45,16.43,15.0,92931605900012025,9293160590001202500046,2025,2,27701257000127,929316,False,,False,,,,27701257000127-1-000002/2025,https://dadosabertos.compras.gov.br/modulo-material/4_consultarItemMaterial?codigoItem=279262,https://dadosabertos.compras.gov.br/modulo-material/2_consultarClasseMaterial?pagina=1&codigoClasse=8920,,
42069286,9761106,44581966,8915.0,,43,0,43,"FRUTA, TIPO: TANGERINA PONCAN , APRESENTAÇÃO: NATURAL ",Fruta,M,Material,16.95,3457.8,204.0,Quilograma,False,3,Informática (TIC),,,1,Menor preço,2,Homologado,1,Participação exclusiva para ME/EPP,False,2025-11-28 07:00:11,2026-01-25 17:31:28,True,464436.0,27701257000127-1-000002/2025,57957163000184,57.957.163 FERNANDA SILVA DE CARVALHO,2026-01-25,3351.72,16.43,204.0,92931605900012025,9293160590001202500043,2025,2,27701257000127,929316,False,,False,,,,27701257000127-1-000002/2025,https://dadosabertos.compras.gov.br/modulo-material/4_consultarItemMaterial?codigoItem=464436,https://dadosabertos.compras.gov.br/modulo-material/2_consultarClasseMaterial?pagina=1&codigoClasse=8915,,
42067606,9761106,44581972,8910.0,,49,0,49,"OVO, ORIGEM: GALINHA , GRUPO: BRANCO , CLASSE: A , TIPO: JUMBO ",Ovo,M,Material,17.9,1306.7,73.0,"Bandeja 30,00 UN",False,3,Informática (TIC),,,1,Menor preço,2,Homologado,1,Participação exclusiva para ME/EPP,False,2025-11-28 07:00:11,2026-01-25 17:33:35,True,467577.0,27701257000127-1-000002/2025,57957163000184,57.957.163 FERNANDA SILVA DE CARVALHO,2026-01-25,1265.09,17.33,73.0,92931605900012025,9293160590001202500049,2025,2,27701257000127,929316,False,,False,,,,27701257000127-1-000002/2025,https://dadosabertos.compras.gov.br/modulo-material/4_consultarItemMaterial?codigoItem=467577,https://dadosabertos.compras.gov.br/modulo-material/2_consultarClasseMaterial?pagina=1&codigoClasse=8910,,
42069280,9761106,44581979,8950.0,,56,0,56,"SAL, TIPO: REFINADO , APLICAÇÃO: ALIMENTÍCIA , CARACTERÍSTICAS ADICIONAIS: TEOR MÍNIMO CLORETO DE SÓDIO 98,5% ",Sal,M,Material,3.08,83.16,27.0,Quilograma,False,3,Informática (TIC),,,1,Menor preço,2,Homologado,1,Participação exclusiva para ME/EPP,False,2025-11-28 07:00:11,2026-01-25 17:35:48,True,291893.0,27701257000127-1-000002/2025,57957163000184,57.957.163 FERNANDA SILVA DE CARVALHO,2026-01-25,67.5,2.5,27.0,92931605900012025,9293160590001202500056,2025,2,27701257000127,929316,False,,False,,,,27701257000127-1-000002/2025,https://dadosabertos.compras.gov.br/modulo-material/4_consultarItemMaterial?codigoItem=291893,https://dadosabertos.compras.gov.br/modulo-material/2_consultarClasseMaterial?pagina=1&codigoClasse=8950,,
42067605,9761106,44581964,8920.0,,41,0,41,"MACARRÃO, TEOR DE UMIDADE: MASSA SECA , BASE DA MASSA: DE FARINHA DE TRIGO , APRESENTAÇÃO: ESPAGUETE ",Macarrão,M,Material,16.95,2559.45,151.0,Quilograma,False,3,Informática (TIC),,,1,Menor preço,2,Homologado,1,Participação exclusiva para ME/EPP,False,2025-11-28 07:00:11,2026-01-25 17:30:57,True,458951.0,27701257000127-1-000002/2025,57957163000184,57.957.163 FERNANDA SILVA DE CARVALHO,2026-01-25,2482.44,16.44,151.0,92931605900012025,9293160590001202500041,2025,2,27701257000127,929316,False,,False,,,,27701257000127-1-000002/2025,https://dadosabertos.compras.gov.br/modulo-material/4_consultarItemMaterial?codigoItem=458951,https://dadosabertos.compras.gov.br/modulo-material/2_consultarClasseMaterial?pagina=1&codigoClasse=8920,,
42067631,9761106,44581939,8915.0,,16,0,16,"LEGUME IN NATURA, TIPO: BATATA INGLESA ",Legume in natura,M,Material,8.95,1091.9,122.0,Quilograma,False,3,Informática (TIC),,,1,Menor preço,2,Homologado,1,Participação exclusiva para ME/EPP,False,2025-11-28 07:00:11,2026-01-25 17:23:01,True,463754.0,27701257000127-1-000002/2025,57957163000184,57.957.163 FERNANDA SILVA DE CARVALHO,2026-01-25,1028.46,8.43,122.0,92931605900012025,9293160590001202500016,2025,2,27701257000127,929316,False,,False,,,,27701257000127-1-000002/2025,https://dadosabertos.compras.gov.br/modulo-material/4_consultarItemMaterial?codigoItem=463754,https://dadosabertos.compras.gov.br/modulo-material/2_consultarClasseMaterial?pagina=1&codigoClasse=8915,,
42067638,9761106,44581946,8915.0,,23,0,23,"LEGUME IN NATURA, TIPO: CEBOLA BRANCA ",Legume in natura,M,Material,8.95,1235.1,138.0,Quilograma,False,3,Informática (TIC),,,1,Menor preço,2,Homologado,1,Participação exclusiva para ME/EPP,False,2025-11-28 07:00:11,2026-01-25 17:25:22,True,463781.0,27701257000127-1-000002/2025,57957163000184,57.957.163 FERNANDA SILVA DE CARVALHO,2026-01-25,931.5,6.75,138.0,92931605900012025,9293160590001202500023,2025,2,27701257000127,929316,False,,False,,,,27701257000127-1-000002/2025,https://dadosabertos.compras.gov.br/modulo-material/4_consultarItemMaterial?codigoItem=463781,https://dadosabertos.compras.gov.br/modulo-material/2_consultarClasseMaterial?pagina=1&codigoClasse=8915,,
42067614,9761106,44581950,8915.0,,27,0,27,"VERDURA IN NATURA, TIPO: COUVE ",Verdura in natura,M,Material,39.95,1917.6,48.0,Quilograma,False,3,Informática (TIC),,,1,Menor preço,2,Homologado,1,Participação exclusiva para ME/EPP,False,2025-11-28 07:00:11,2026-01-25 17:26:46,True,463822.0,27701257000127-1-000002/2025,57957163000184,57.957.163 FERNANDA SILVA DE CARVALHO,2026-01-25,1836.0,38.25,48.0,92931605900012025,9293160590001202500027,2025,2,27701257000127,929316,False,,False,,,,27701257000127-1-000002/2025,https://dadosabertos.compras.gov.br/modulo-material/4_consultarItemMaterial?codigoItem=463822,https://dadosabertos.compras.gov.br/modulo-material/2_consultarClasseMaterial?pagina=1&codigoClasse=8915,,
42069278,9761106,44581938,8915.0,,15,0,15,"FRUTA, TIPO: BANANA PRATA / BANANA BRANCA , APRESENTAÇÃO: NATURAL ",Fruta,M,Material,9.95,6547.1,658.0,Quilograma,False,3,Informática (TIC),,,1,Menor preço,2,Homologado,1,Participação exclusiva para ME/EPP,False,2025-11-28 07:00:11,2026-01-25 17:22:40,True,464381.0,27701257000127-1-000002/2025,57957163000184,57.957.163 FERNANDA SILVA DE CARVALHO,2026-01-25,6204.94,9.43,658.0,92931605900012025,9293160590001202500015,2025,2,27701257000127,929316,False,,False,,,,27701257000127-1-000002/2025,https://dadosabertos.compras.gov.br/modulo-material/4_consultarItemMaterial?codigoItem=464381,https://dadosabertos.compras.gov.br/modulo-material/2_consultarClasseMaterial?pagina=1&codigoClasse=8915,,
42074483,9761106,44581968,8920.0,,45,0,45,"AMIDO, BASE: DE MILHO , GRUPO: FÉCULA ",Amido,M,Material,19.0,38.0,2.0,Quilograma,False,3,Informática (TIC),,,1,Menor preço,2,Homologado,1,Participação exclusiva para ME/EPP,False,2025-11-28 07:00:11,2026-01-25 17:32:02,True,467050.0,27701257000127-1-000002/2025,57957163000184,57.957.163 FERNANDA SILVA DE CARVALHO,2026-01-25,36.86,18.43,2.0,92931605900012025,9293160590001202500045,2025,2,27701257000127,929316,False,,False,,,,27701257000127-1-000002/2025,https://dadosabertos.compras.gov.br/modulo-material/4_consultarItemMaterial?codigoItem=467050,https://dadosabertos.compras.gov.br/modulo-material/2_consultarClasseMaterial?pagina=1&codigoClasse=8920,,
42069284,9761106,44581951,8925.0,,28,0,28,"CÔCO RALADO, INGREDIENTES: AMÊNDOA DE CÔCO , APRESENTAÇÃO: DESIDRATADO E TRITURADO , CARACTERÍSTICAS ADICIONAIS: DESENGORDURADO E DESIDRATADO , APLICAÇÃO: ALIMENTAÇÃO DE PESSOAL ",Côco Ralado,M,Material,58.95,589.5,10.0,"Pacote 1,00 KG",False,3,Informática (TIC),,,1,Menor preço,2,Homologado,1,Participação exclusiva para ME/EPP,False,2025-11-28 07:00:11,2026-01-25 17:27:03,True,258358.0,27701257000127-1-000002/2025,57957163000184,57.957.163 FERNANDA SILVA DE CARVALHO,2026-01-25,302.5,30.25,10.0,92931605900012025,9293160590001202500028,2025,2,27701257000127,929316,False,,False,,,,27701257000127-1-000002/2025,https://dadosabertos.compras.gov.br/modulo-material/4_consultarItemMaterial?codigoItem=258358,https://dadosabertos.compras.gov.br/modulo-material/2_consultarClasseMaterial?pagina=1&codigoClasse=8925,,
42069279,9761106,44581971,8920.0,,48,0,48,"SOJA, TIPO: GRÃOS , UMIDADE: 13 PER, APLICAÇÃO: ALIMENTAÇÃO HUMANA , CARACTERÍSTICAS ADICIONAIS: ENSACADO, LIVRE DE IMPUREZAS E PRAGAS ",Soja,M,Material,12.95,2097.9,162.0,Unidade,False,3,Informática (TIC),,,1,Menor preço,2,Homologado,1,Participação exclusiva para ME/EPP,False,2025-11-28 07:00:11,2026-01-25 17:33:02,True,457279.0,27701257000127-1-000002/2025,57957163000184,57.957.163 FERNANDA SILVA DE CARVALHO,2026-01-25,2013.66,12.43,162.0,92931605900012025,9293160590001202500048,2025,2,27701257000127,929316,False,,False,,,,27701257000127-1-000002/2025,https://dadosabertos.compras.gov.br/modulo-material/4_consultarItemMaterial?codigoItem=457279,https://dadosabertos.compras.gov.br/modulo-material/2_consultarClasseMaterial?pagina=1&codigoClasse=8920,,
42067634,9761106,44581948,8950.0,,25,0,25,"CONDIMENTO, TIPO: CEBOLINHA E COENTRO , APRESENTAÇÃO: NATURAL ",Condimento,M,Material,39.95,2317.1,58.0,Quilograma,False,3,Informática (TIC),,,1,Menor preço,2,Homologado,1,Participação exclusiva para ME/EPP,False,2025-11-28 07:00:11,2026-01-25 17:26:04,True,463881.0,27701257000127-1-000002/2025,57957163000184,57.957.163 FERNANDA SILVA DE CARVALHO,2026-01-25,2189.5,37.75,58.0,92931605900012025,9293160590001202500025,2025,2,27701257000127,929316,False,,False,,,,27701257000127-1-000002/2025,https://dadosabertos.compras.gov.br/modulo-material/4_consultarItemMaterial?codigoItem=463881,https://dadosabertos.compras.gov.br/modulo-material/2_consultarClasseMaterial?pagina=1&codigoClasse=8950,,
42074445,9761106,44581932,8950.0,,9,0,9,"CONDIMENTO, TIPO: ALHO , APRESENTAÇÃO: NATURAL , ADICIONAL: CABEÇA ",Condimento,M,Material,34.95,2796.0,80.0,Quilograma,False,3,Informática (TIC),,,1,Menor preço,2,Homologado,1,Participação exclusiva para ME/EPP,False,2025-11-28 07:00:11,2026-01-25 17:18:28,True,463938.0,27701257000127-1-000002/2025,57957163000184,57.957.163 FERNANDA SILVA DE CARVALHO,2026-01-25,2754.4,34.43,80.0,92931605900012025,9293160590001202500009,2025,2,27701257000127,929316,False,,False,,,,27701257000127-1-000002/2025,https://dadosabertos.compras.gov.br/modulo-material/4_consultarItemMaterial?codigoItem=463938,https://dadosabertos.compras.gov.br/modulo-material/2_consultarClasseMaterial?pagina=1&codigoClasse=8950,,
42074444,9761106,44581928,8915.0,,5,0,5,"FRUTA, TIPO: ABACAXI PÉROLA , APRESENTAÇÃO: NATURAL ",Fruta,M,Material,10.95,240.9,22.0,Quilograma,False,3,Informática (TIC),,,1,Menor preço,2,Homologado,1,Participação exclusiva para ME/EPP,False,2025-11-28 07:00:11,2026-01-25 17:16:27,True,464374.0,27701257000127-1-000002/2025,57957163000184,57.957.163 FERNANDA SILVA DE CARVALHO,2026-01-25,229.46,10.43,22.0,92931605900012025,9293160590001202500005,2025,2,27701257000127,929316,False,,False,,,,27701257000127-1-000002/2025,https://dadosabertos.compras.gov.br/modulo-material/4_consultarItemMaterial?codigoItem=464374,https://dadosabertos.compras.gov.br/modulo-material/2_consultarClasseMaterial?pagina=1&codigoClasse=8915,,
42067623,9761106,44581959,8910.0,,36,0,36,"IOGURTE NATURAL, TEOR GORDURA: PARCIALMENTE DESNATADO , SABOR: COM SABOR , COMPONENTES: COM POLPA OU PEDAÇOS DE FRUTA ",Iogurte Natural,M,Material,36.95,1256.3,34.0,"Embalagem 1,00 KG",False,3,Informática (TIC),,,1,Menor preço,2,Homologado,1,Participação exclusiva para ME/EPP,False,2025-11-28 07:00:11,2026-01-25 17:29:25,True,446708.0,27701257000127-1-000002/2025,57957163000184,57.957.163 FERNANDA SILVA DE CARVALHO,2026-01-25,1181.5,34.75,34.0,92931605900012025,9293160590001202500036,2025,2,27701257000127,929316,False,,False,,,,27701257000127-1-000002/2025,https://dadosabertos.compras.gov.br/modulo-material/4_consultarItemMaterial?codigoItem=446708,https://dadosabertos.compras.gov.br/modulo-material/2_consultarClasseMaterial?pagina=1&codigoClasse=8910,,
42071041,9761106,44581929,8915.0,,6,0,6,"LEGUME IN NATURA, TIPO: ABOBRINHA ITALIANA ",Legume in natura,M,Material,11.95,83.65,7.0,Quilograma,False,3,Informática (TIC),,,1,Menor preço,2,Homologado,1,Participação exclusiva para ME/EPP,False,2025-11-28 07:00:11,2026-01-25 17:17:12,True,463749.0,27701257000127-1-000002/2025,57957163000184,57.957.163 FERNANDA SILVA DE CARVALHO,2026-01-25,80.01,11.43,7.0,92931605900012025,9293160590001202500006,2025,2,27701257000127,929316,False,,False,,,,27701257000127-1-000002/2025,https://dadosabertos.compras.gov.br/modulo-material/4_consultarItemMaterial?codigoItem=463749,https://dadosabertos.compras.gov.br/modulo-material/2_consultarClasseMaterial?pagina=1&codigoClasse=8915,,
42067508,9761106,44581981,8915.0,,58,0,58,"LEGUME IN NATURA, TIPO: TOMATE SALADA ",Legume in natura,M,Material,13.95,2371.5,170.0,Quilograma,False,3,Informática (TIC),,,1,Menor preço,2,Homologado,1,Participação exclusiva para ME/EPP,False,2025-11-28 07:00:11,2026-01-25 17:36:24,True,463806.0,27701257000127-1-000002/2025,57957163000184,57.957.163 FERNANDA SILVA DE CARVALHO,2026-01-25,2283.1,13.43,170.0,92931605900012025,9293160590001202500058,2025,2,27701257000127,929316,False,,False,,,,27701257000127-1-000002/2025,https://dadosabertos.compras.gov.br/modulo-material/4_consultarItemMaterial?codigoItem=463806,https://dadosabertos.compras.gov.br/modulo-material/2_consultarClasseMaterial?pagina=1&codigoClasse=8915,,
42067507,9761106,44581963,8915.0,,40,0,40,"FRUTA, TIPO: MAÇÃ FUJI , APRESENTAÇÃO: NATURAL ",Fruta,M,Material,16.95,1288.2,76.0,Quilograma,False,3,Informática (TIC),,,1,Menor preço,2,Homologado,1,Participação exclusiva para ME/EPP,False,2025-11-28 07:00:11,2026-01-25 17:30:37,True,464401.0,27701257000127-1-000002/2025,57957163000184,57.957.163 FERNANDA SILVA DE CARVALHO,2026-01-25,1248.68,16.43,76.0,92931605900012025,9293160590001202500040,2025,2,27701257000127,929316,False,,False,,,,27701257000127-1-000002/2025,https://dadosabertos.compras.gov.br/modulo-material/4_consultarItemMaterial?codigoItem=464401,https://dadosabertos.compras.gov.br/modulo-material/2_consultarClasseMaterial?pagina=1&codigoClasse=8915,,
42074446,9761106,44581933,8915.0,,10,0,10,"OLEAGINOSA, TIPO: AMENDOIM , APRESENTAÇÃO: NATURAL , ADICIONAL: COM CASCA ",Oleaginosa,M,Material,39.95,319.6,8.0,Quilograma,False,3,Informática (TIC),,,1,Menor preço,2,Homologado,1,Participação exclusiva para ME/EPP,False,2025-11-28 07:00:11,2026-01-25 17:20:03,True,464535.0,27701257000127-1-000002/2025,57957163000184,57.957.163 FERNANDA SILVA DE CARVALHO,2026-01-25,315.44,39.43,8.0,92931605900012025,9293160590001202500010,2025,2,27701257000127,929316,False,,False,,,,27701257000127-1-000002/2025,https://dadosabertos.compras.gov.br/modulo-material/4_consultarItemMaterial?codigoItem=464535,https://dadosabertos.compras.gov.br/modulo-material/2_consultarClasseMaterial?pagina=1&codigoClasse=8915,,
42069282,9761106,44581965,8910.0,,42,0,42,"MANTEIGA, TIPO: PRIMEIRA QUALIDADE , COMPOSIÇÃO: COM SAL ",Manteiga,M,Material,29.95,89.85,3.0,"Pote 1,00 KG",False,3,Informática (TIC),,,1,Menor preço,2,Homologado,1,Participação exclusiva para ME/EPP,False,2025-11-28 07:00:11,2026-01-25 17:31:10,True,446393.0,27701257000127-1-000002/2025,57957163000184,57.957.163 FERNANDA SILVA DE CARVALHO,2026-01-25,88.29,29.43,3.0,92931605900012025,9293160590001202500042,2025,2,27701257000127,929316,False,,False,,,,27701257000127-1-000002/2025,https://dadosabertos.compras.gov.br/modulo-material/4_consultarItemMaterial?codigoItem=446393,https://dadosabertos.compras.gov.br/modulo-material/2_consultarClasseMaterial?pagina=1&codigoClasse=8910,,
42067611,9761106,44581975,8905.0,,52,0,52,"CARNE SUÍNA IN NATURA, TIPO CORTE: LOMBO , APRESENTAÇÃO: PEÇA INTEIRA , ESTADO DE CONSERVAÇÃO: CONGELADO(A) ",Carne suína in natura,M,Material,34.95,1118.4,32.0,Quilograma,False,3,Informática (TIC),,,1,Menor preço,2,Homologado,1,Participação exclusiva para ME/EPP,False,2025-11-28 07:00:11,2026-01-25 17:34:45,True,447518.0,27701257000127-1-000002/2025,57957163000184,57.957.163 FERNANDA SILVA DE CARVALHO,2026-01-25,1101.76,34.43,32.0,92931605900012025,9293160590001202500052,2025,2,27701257000127,929316,False,,False,,,,27701257000127-1-000002/2025,https://dadosabertos.compras.gov.br/modulo-material/4_consultarItemMaterial?codigoItem=447518,https://dadosabertos.compras.gov.br/modulo-material/2_consultarClasseMaterial?pagina=1&codigoClasse=8905,,
42074484,9761106,44581976,8905.0,,53,0,53,"PEIXE IN NATURA, VARIEDADE: PESCADA BRANCA , TIPO CORTE: FILÉ , APRESENTAÇÃO: SEM PELE , ESTADO DE CONSERVAÇÃO: CONGELADO(A) ",Peixe in natura,M,Material,99.95,2698.65,27.0,Quilograma,False,3,Informática (TIC),,,1,Menor preço,2,Homologado,1,Participação exclusiva para ME/EPP,False,2025-11-28 07:00:11,2026-01-25 17:35:00,True,448892.0,27701257000127-1-000002/2025,57957163000184,57.957.163 FERNANDA SILVA DE CARVALHO,2026-01-25,2684.61,99.43,27.0,92931605900012025,9293160590001202500053,2025,2,27701257000127,929316,False,,False,,,,27701257000127-1-000002/2025,https://dadosabertos.compras.gov.br/modulo-material/4_consultarItemMaterial?codigoItem=448892,https://dadosabertos.compras.gov.br/modulo-material/2_consultarClasseMaterial?pagina=1&codigoClasse=8905,,
42069288,9761106,44581982,8950.0,,59,0,59,"MASSA DE TOMATE, TIPO: EXTRATO CONCENTRADO , COMPOSIÇÃO: TRADICIONAL , APRESENTAÇÃO: CREME ",Massa de tomate,M,Material,23.95,1197.5,50.0,Quilograma,False,3,Informática (TIC),,,1,Menor preço,2,Homologado,1,Participação exclusiva para ME/EPP,False,2025-11-28 07:00:11,2026-01-25 17:36:46,True,459670.0,27701257000127-1-000002/2025,57957163000184,57.957.163 FERNANDA SILVA DE CARVALHO,2026-01-25,1171.5,23.43,50.0,92931605900012025,9293160590001202500059,2025,2,27701257000127,929316,False,,False,,,,27701257000127-1-000002/2025,https://dadosabertos.compras.gov.br/modulo-material/4_consultarItemMaterial?codigoItem=459670,https://dadosabertos.compras.gov.br/modulo-material/2_consultarClasseMaterial?pagina=1&codigoClasse=8950,,
42067636,9761106,44581953,8920.0,,30,0,30,"FARINHA DE TRIGO, GRUPO: DOMÉSTICO , TIPO: TIPO 1, ESPECIAL , INGREDIENTE ADICIONAL: FORTIFICADA COM FERRO E ÁCIDO FÓLICO ",Farinha de trigo,M,Material,9.95,606.95,61.0,Quilograma,False,3,Informática (TIC),,,1,Menor preço,2,Homologado,1,Participação exclusiva para ME/EPP,False,2025-11-28 07:00:11,2026-01-25 17:27:41,True,460263.0,27701257000127-1-000002/2025,57957163000184,57.957.163 FERNANDA SILVA DE CARVALHO,2026-01-25,575.23,9.43,61.0,92931605900012025,9293160590001202500030,2025,2,27701257000127,929316,False,,False,,,,27701257000127-1-000002/2025,https://dadosabertos.compras.gov.br/modulo-material/4_consultarItemMaterial?codigoItem=460263,https://dadosabertos.compras.gov.br/modulo-material/2_consultarClasseMaterial?pagina=1&codigoClasse=8920,,
42067610,9761106,44581973,8915.0,,50,0,50,"LEGUME IN NATURA, TIPO: PEPINO ",Legume in natura,M,Material,12.95,233.1,18.0,Quilograma,False,3,Informática (TIC),,,1,Menor preço,2,Homologado,1,Participação exclusiva para ME/EPP,False,2025-11-28 07:00:11,2026-01-25 17:34:11,True,463796.0,27701257000127-1-000002/2025,57957163000184,57.957.163 FERNANDA SILVA DE CARVALHO,2026-01-25,223.74,12.43,18.0,92931605900012025,9293160590001202500050,2025,2,27701257000127,929316,False,,False,,,,27701257000127-1-000002/2025,https://dadosabertos.compras.gov.br/modulo-material/4_consultarItemMaterial?codigoItem=463796,https://dadosabertos.compras.gov.br/modulo-material/2_consultarClasseMaterial?pagina=1&codigoClasse=8915,,
42071040,9761106,44581931,8915.0,,8,0,8,"VERDURA IN NATURA, TIPO: ALFACE CRESPA ",Verdura In Natura,M,Material,39.95,2636.7,66.0,Quilograma,False,3,Informática (TIC),,,1,Menor preço,2,Homologado,1,Participação exclusiva para ME/EPP,False,2025-11-28 07:00:11,2026-01-25 17:18:04,True,463832.0,27701257000127-1-000002/2025,57957163000184,57.957.163 FERNANDA SILVA DE CARVALHO,2026-01-25,2602.38,39.43,66.0,92931605900012025,9293160590001202500008,2025,2,27701257000127,929316,False,,False,,,,27701257000127-1-000002/2025,https://dadosabertos.compras.gov.br/modulo-material/4_consultarItemMaterial?codigoItem=463832,https://dadosabertos.compras.gov.br/modulo-material/2_consultarClasseMaterial?pagina=1&codigoClasse=8915,,
42067604,9761106,44581978,8915.0,,55,0,55,"VERDURA IN NATURA, TIPO: REPOLHO BRANCO / VERDE ",Verdura in natura,M,Material,8.95,1163.5,130.0,Quilograma,False,3,Informática (TIC),,,1,Menor preço,2,Homologado,1,Participação exclusiva para ME/EPP,False,2025-11-28 07:00:11,2026-01-25 17:35:32,True,463839.0,27701257000127-1-000002/2025,57957163000184,57.957.163 FERNANDA SILVA DE CARVALHO,2026-01-25,1095.9,8.43,130.0,92931605900012025,9293160590001202500055,2025,2,27701257000127,929316,False,,False,,,,27701257000127-1-000002/2025,https://dadosabertos.compras.gov.br/modulo-material/4_consultarItemMaterial?codigoItem=463839,https://dadosabertos.compras.gov.br/modulo-material/2_consultarClasseMaterial?pagina=1&codigoClasse=8915,,
42074482,9761106,44581960,8915.0,,37,0,37,"FRUTA, TIPO: LARANJA PERA , APRESENTAÇÃO: NATURAL ",Fruta,M,Material,7.95,3187.95,401.0,Quilograma,False,3,Informática (TIC),,,1,Menor preço,2,Homologado,1,Participação exclusiva para ME/EPP,False,2025-11-28 07:00:11,2026-01-25 17:29:46,True,464393.0,27701257000127-1-000002/2025,57957163000184,57.957.163 FERNANDA SILVA DE CARVALHO,2026-01-25,2979.43,7.43,401.0,92931605900012025,9293160590001202500037,2025,2,27701257000127,929316,False,,False,,,,27701257000127-1-000002/2025,https://dadosabertos.compras.gov.br/modulo-material/4_consultarItemMaterial?codigoItem=464393,https://dadosabertos.compras.gov.br/modulo-material/2_consultarClasseMaterial?pagina=1&codigoClasse=8915,,
42067633,9761106,44581940,8915.0,,17,0,17,"LEGUME IN NATURA, TIPO: BETERRABA ",Legume in natura,M,Material,8.95,304.3,34.0,Quilograma,False,3,Informática (TIC),,,1,Menor preço,2,Homologado,1,Participação exclusiva para ME/EPP,False,2025-11-28 07:00:11,2026-01-25 17:23:21,True,463767.0,27701257000127-1-000002/2025,57957163000184,57.957.163 FERNANDA SILVA DE CARVALHO,2026-01-25,286.62,8.43,34.0,92931605900012025,9293160590001202500017,2025,2,27701257000127,929316,False,,False,,,,27701257000127-1-000002/2025,https://dadosabertos.compras.gov.br/modulo-material/4_consultarItemMaterial?codigoItem=463767,https://dadosabertos.compras.gov.br/modulo-material/2_consultarClasseMaterial?pagina=1&codigoClasse=8915,,
42067632,9761106,44581947,8915.0,,24,0,24,"LEGUME IN NATURA, TIPO: CENOURA ",Legume in natura,M,Material,9.95,1940.25,195.0,Quilograma,False,3,Informática (TIC),,,1,Menor preço,2,Homologado,1,Participação exclusiva para ME/EPP,False,2025-11-28 07:00:11,2026-01-25 17:25:43,True,463770.0,27701257000127-1-000002/2025,57957163000184,57.957.163 FERNANDA SILVA DE CARVALHO,2026-01-25,1838.85,9.43,195.0,92931605900012025,9293160590001202500024,2025,2,27701257000127,929316,False,,False,,,,27701257000127-1-000002/2025,https://dadosabertos.compras.gov.br/modulo-material/4_consultarItemMaterial?codigoItem=463770,https://dadosabertos.compras.gov.br/modulo-material/2_consultarClasseMaterial?pagina=1&codigoClasse=8915,,
42071039,9761106,44581934,8925.0,,11,0,11,"AÇÚCAR, TIPO: CRISTAL , COLORAÇÃO: BRANCA ",Açúcar,M,Material,9.06,670.44,74.0,"Embalagem 2,00 KG",False,3,Informática (TIC),,,1,Menor preço,2,Homologado,1,Participação exclusiva para ME/EPP,False,2025-11-28 07:00:11,2026-01-25 17:20:30,True,603269.0,27701257000127-1-000002/2025,57957163000184,57.957.163 FERNANDA SILVA DE CARVALHO,2026-01-25,629.0,8.5,74.0,92931605900012025,9293160590001202500011,2025,2,27701257000127,929316,False,,False,,,,27701257000127-1-000002/2025,https://dadosabertos.compras.gov.br/modulo-material/4_consultarItemMaterial?codigoItem=603269,https://dadosabertos.compras.gov.br/modulo-material/2_consultarClasseMaterial?pagina=1&codigoClasse=8925,,
42067607,9761106,44581980,8905.0,,57,0,57,"EMBUTIDO, TIPO: SALSICHA HOT DOG , TIPO PREPARAÇÃO: COZIDA , ESTADO DE CONSERVAÇÃO: CONGELADO(A) ",Embutido,M,Material,16.95,135.6,8.0,Quilograma,False,3,Informática (TIC),,,1,Menor preço,2,Homologado,1,Participação exclusiva para ME/EPP,False,2025-11-28 07:00:11,2026-01-25 17:36:03,True,615352.0,27701257000127-1-000002/2025,57957163000184,57.957.163 FERNANDA SILVA DE CARVALHO,2026-01-25,131.44,16.43,8.0,92931605900012025,9293160590001202500057,2025,2,27701257000127,929316,False,,False,,,,27701257000127-1-000002/2025,https://dadosabertos.compras.gov.br/modulo-material/4_consultarItemMaterial?codigoItem=615352,https://dadosabertos.compras.gov.br/modulo-material/2_consultarClasseMaterial?pagina=1&codigoClasse=8905,,
42067612,9761106,44581983,8920.0,,60,0,60,"PÃO, BASE: FARINHA DE TRIGO INTEGRAL/ENRIQUECIDA, FIBRAS , TIPO: BISNAGA CACHORRO QUENTE , INGREDIENTES ADICIONAIS: ÁCIDO FÓLICO, AÇÚCAR, SAL,FERMENTO, ÓLEO VEGETAL, , APRESENTAÇÃO: CORTADO AO MEIO , CARACTERÍSTICA ADICIONAL: SEM LACTOSE, OVOS E GORDURAS TRANS ",Pão,M,Material,48.95,2790.15,57.0,Quilograma,False,3,Informática (TIC),,,1,Menor preço,2,Homologado,1,Participação exclusiva para ME/EPP,False,2025-11-28 07:00:11,2026-01-25 17:37:04,True,617307.0,27701257000127-1-000002/2025,57957163000184,57.957.163 FERNANDA SILVA DE CARVALHO,2026-01-25,2760.51,48.43,57.0,92931605900012025,9293160590001202500060,2025,2,27701257000127,929316,False,,False,,,,27701257000127-1-000002/2025,https://dadosabertos.compras.gov.br/modulo-material/4_consultarItemMaterial?codigoItem=617307,https://dadosabertos.compras.gov.br/modulo-material/2_consultarClasseMaterial?pagina=1&codigoClasse=8920,,
